,Petitioner City,Total Approvals,Latitude,Longitude
1,ALACHUA,115.0,29.675568,-82.3640109
2,ALPHARETTA,4.0,28.621141,-81.4879351
4,ALTAMONTE SPRINGS,2297.0,28.6619154,-81.3885899
6,ALTOONA,1.0,28.9677745,-81.6478223
7,APOKA,1.0,30.5886233,-81.5463805
8,APOLLO BEACH,6.0,27.7741547,-82.4062097
9,APOPKA,68.0,28.6732806,-81.5116471
10,ARCADIA,34.0,27.2158826,-81.8584164
11,ARCHER,1.0,29.5299677,-82.5189969
12,ATLANTIC BEACH,2.0,30.3344077,-81.398696
13,ATLANTIS,9.0,26.5909025,-80.1008762
14,AUBURNDALE,49.0,28.0653422,-81.7888642
15,AVE MARIA,19.0,26.3191149,-81.4324873
17,AVENTURA,207.0,25.9564812,-80.1392121
18,AVON PARK,6.0,27.5960827,-81.5060858
19,BABSON PARK,5.0,27.837368,-81.5224612
20,BAL HARBOR,2.0,25.8949818,-80.1241731
21,BAL HARBOUR,2.0,25.8917613,-80.1269896
22,BAR HARBOR ISLANDS,1.0,25.8869749,-80.1297553
23,BAR HARBOUR,1.0,27.9448021,-82.4570413
24,BARTOW,16.0,27.8964384,-81.843323
25,BAY HARBOR,8.0,26.1509185,-80.1178222
26,BAY HARBOR IS,3.0,27.7961376,-82.6089868
27,BAY HARBOR ISLAND,6.0,27.7961376,-82.6089868
28,BAY HARBOR ISLANDS,33.0,25.8875948,-80.1311564
29,BAY PINES,3.0,27.824732,-82.7726728
30,BEDFORD,1.0,26.6460881,-80.2594703
31,BELLE GLADE,6.0,26.6845104,-80.6675577
32,BELLEAIR BLUFFS,0.0,27.9214103,-82.8170475
33,BELLEVIEW,8.0,29.0625783,-82.0495108
34,BEVERLY HILLS,11.0,28.9203666,-82.4636305
35,BIG PINE KEY,2.0,24.6698652,-81.353969
36,BLOUNTSTOWN,25.0,30.4435293,-85.0451953
38,BOCA RATON,3991.0,26.3586885,-80.0830984
39,BOCA RATON BEACH,1.0,26.3586885,-80.0830984
40,BOKEELIA,1.0,26.700581,-82.172197
41,BONIFAY,21.0,30.7918559,-85.6796533
43,BONITA SPRING,1.0,26.3439459,-81.7809622
44,BONITA SPRINGS,153.0,26.339806,-81.7786972
45,BOYNTON,0.0,26.5289139,-80.058141
46,BOYNTON BEACH,243.0,26.5289139,-80.058141
47,BRADENTON,159.0,27.4989278,-82.5748194
48,BRADENTON BEACH,1.0,27.4682554,-82.6995822
50,BRANDON,57.0,27.937801,-82.2859247
51,BRICKELL,1.0,25.7625951,-80.1952987
52,BRONSON,3.0,29.4477445,-82.6423336
53,BROOKER,1.0,29.888917,-82.3329764
54,BROOKSVILLE,45.0,28.5552719,-82.3878709
55,BUNNELL,2.0,29.4657731,-81.2576832
56,BUSHNELL,16.0,28.6644827,-82.1117399
57,CALLAHAN,3.0,30.5637205,-81.8297744
58,CANTONMENT,10.0,30.605427,-87.344442
59,CAPE CANAVERAL,5.0,28.4513556,-80.5283059
60,CAPE CORAL,105.0,26.5625742,-81.9438802
61,CASSADAGA,2.0,28.9663755,-81.235894
62,CASSELBERRY,529.0,28.6714702,-81.3382005
63,CELEBRATION,64.0,28.319057,-81.5408702
64,CHAMPIONS GATE,3.0,29.0071597,-81.2786591
66,CHAMPIONSGATE,2.0,28.2616788,-81.6184079
67,CHARLOTTE HARBOR,2.0,26.9591608,-82.0679253
68,CHATTAHOOCHEE,2.0,30.7048733,-84.843223
69,CHIEFLAND,4.0,29.4749586,-82.8591997
70,CHIPLEY,18.0,30.7818584,-85.538541
71,CHRISTMAS,1.0,28.520462,-80.9977987
72,CHULUOTA,1.0,28.6383385,-81.1153521
73,CITRUS SPRINGS,4.0,29.0004425,-82.4559973
74,CLEAR WATER,1.0,28.5204985,-81.4107908
75,CLEARWATER,3386.0,27.9658533,-82.8001026
76,CLEARWATER BEACH,4.0,27.9774736,-82.8279313
78,CLERMONT,37.0,28.5551912,-81.7669488
79,CLEWISTON,17.0,26.7542264,-80.9342307
80,CLINTON,1.0,25.7787904,-80.1328747
81,COCO BEACH,1.0,27.9792127,-82.8260511
82,COCOA,67.0,28.3556635,-80.7325345
83,COCOA BEACH,69.0,28.3184107,-80.6094959
84,COCONUT BEACH,1.0,27.9995461,-82.8243267
85,COCONUT CREEK,166.0,26.2517482,-80.1789351
86,COCONUT CRK,1.0,26.2517482,-80.1789351
87,COCONUT GROVE,100.0,25.7126013,-80.2569947
88,COOPER,1.0,28.8229518,-82.3149542
89,COOPER CITY,46.0,26.057783,-80.2695109
90,COPPER CITY,1.0,28.0095136,-82.1711812
91,CORAL  GABLES,1.0,25.7331105,-80.2585107
96,CORAL GABLE,1.0,25.7507269,-80.2575603
97,CORAL GABLES,2001.0,25.7331105,-80.2585107
101,CORAL SPRING,6.0,28.4942312,-82.5812326
102,CORAL SPRINGS,488.0,26.271192,-80.2706044
104,CORALGABLES,1.0,25.7064826,-80.2851631
106,CRAWFORDVILLE,2.0,30.1760358,-84.3751778
107,CRESTVIEW,14.0,30.7621326,-86.5705084
108,CROSS CITY,3.0,29.6343977,-83.1251306
109,CRYSTAL RIVER,25.0,28.902479,-82.5926012
110,DADE CITY,11.0,28.3647248,-82.1959178
111,DANA BEACH,1.0,26.4790217,-80.1494004
112,DANIA,614.0,26.0543154,-80.1457426
113,DANIA BEACH,247.0,26.0524224,-80.143929
115,DAVENPORT,21.0,28.1614046,-81.6017417
116,DAVIE,300.0,26.0628665,-80.2331038
117,DAVIES,2.0,29.0800345,-80.9284367
118,DAYTONA,2.0,29.2108147,-81.0228331
119,DAYTONA BEACH,885.0,29.2108147,-81.0228331
120,DE FUNIAK SPRINGS,1.0,30.7115785,-86.1068847
121,DEBARY,9.0,28.8830604,-81.3088385
122,DEERFIELD,2.0,27.3146884,-82.4382211
123,DEERFIELD BCH,14.0,26.318342,-80.0996306
124,DEERFIELD BEACH,362.0,26.318342,-80.0996306
126,DEFUNIAK SPRINGS,8.0,30.7210227,-86.1152184
127,DELAND,110.0,29.0281051,-81.3034183
128,DELRAY BEACH,697.0,26.4614625,-80.0728201
129,DELTONA,3.0,28.904843,-81.2273119
130,DESTIN,22.0,30.3935337,-86.4957834
131,DORAL,647.0,25.8195424,-80.3553302
132,DORAL MIAMI,1.0,25.8243703,-80.3313659
133,DOVER,4.0,27.9943935,-82.2217111
135,DUCK KEY,4.0,24.778716,-80.9139018
136,DUNEDIN,34.0,28.0116627,-82.7893788
137,DUNNELLON,8.0,29.0491426,-82.4609331
138,EAGLE LAKE,1.0,27.9783565,-81.7564688
139,EAST PALATKA,0.0,29.652377,-81.599589
140,EBRO,1.0,30.4479741,-85.874101
141,EDGEWATER,5.0,28.9888754,-80.9022758
142,EL PORTAL,2.0,25.8553739,-80.193103
143,ELKTON,7.0,29.7830248,-81.4259091
144,ELLENTON,7.0,27.517143,-82.548708
145,ENGLEWOOD,9.0,26.9606125,-82.3576324
146,ENTERPRISE,1.0,28.8691569,-81.2667299
147,ESTERO,276.0,26.4381474,-81.8067537
149,EUSTIS,10.0,28.8527675,-81.6853534
150,EVERGLADES CITY,1.0,25.8574788,-81.384961
151,FELLSMERE,14.0,27.7677894,-80.6013691
152,FERN BCH,1.0,28.3965188,-81.3509812
153,FERN PARK,3.0,28.6512265,-81.345361
154,FERNANDINA BEACH,15.0,30.6712285,-81.4630025
155,FIRST UNION BANK,7.0,30.288258,-81.7215039
156,FISHER ISLAND,1.0,25.7598356,-80.1400384
157,FL LAUDERDALE,1.0,26.1380101,-80.119073
158,FLEMING ISLAND,2.0,24.5810655,-81.7963673
159,FLORIDA,1.0,27.25,-81.25
160,FLORIDA CITY,13.0,25.4480101,-80.479102
161,FORT LAUDERDALE,8491.0,26.1223084,-80.1433786
163,FORT MEADE,3.0,27.7522526,-81.8017491
164,FORT MYERS,1275.0,26.640628,-81.8723084
165,FORT MYERS BEACH,2.0,26.4520248,-81.948145
167,FORT PIERCE,88.0,27.4467056,-80.3256056
168,FORT WALTON BEACH,17.0,30.4057552,-86.618842
169,FORT WHITE,2.0,29.9232908,-82.7137327
170,FREEPORT,1.0,30.4982516,-86.1360517
172,FT LAUDERDALE,871.0,26.1223084,-80.1433786
173,FT MYERS,42.0,26.640628,-81.8723084
174,FT PIERCE,6.0,27.4467056,-80.3256056
175,FT WALTON BEACH,0.0,30.4057552,-86.618842
176,FT. LAUDERDALE,13.0,26.1223084,-80.1433786
177,FT. MYERS,1.0,26.640628,-81.8723084
178,GADSDEN,3.0,30.5937346,-84.6389937
179,GAINESVILLE,5522.0,29.6519684,-82.3249846
180,GAINSVILLE,3.0,29.6194176,-82.3601179
181,GOLDEN BEACH,3.0,25.9650919,-80.1222671
182,GRACEVILLE,6.0,30.9568503,-85.5165993
183,GREEN COVE SPRINGS,19.0,29.9919779,-81.6781097
185,GREENACRES,6.0,26.623679,-80.1253213
186,GROVELAND,7.0,28.5602149,-81.8561226
187,GULF BREEZE,12.0,30.3612885,-87.1683428
188,GULF STREAM,1.0,26.4936835,-80.0550417
189,HAINES CITY,55.0,28.1067315,-81.6287423
190,HALLANDALE,154.0,25.9812025,-80.148379
191,HALLANDALE BEACH,56.0,25.9812025,-80.148379
195,HARMONY,0.0,28.1894586,-81.1450659
196,HAVANA,4.0,30.6255617,-84.4153769
197,HEATHROW,8.0,28.7750325,-81.3717535
198,HERNANDO,0.0,28.5710156,-82.4605068
199,HIALEAH,472.0,25.8267775,-80.2814009
200,HIALEAH GARDENS,29.0,25.8650961,-80.3244958
201,HIALEAH GDNS,2.0,25.8650961,-80.3244958
202,HIGH SPRINGS,6.0,29.8268319,-82.5968583
203,HIGHLAND,1.0,30.1124613,-82.045663
204,HIGHLAND BEACH,1.0,26.3995204,-80.0655977
205,HILLIARD,9.0,30.6909774,-81.9177622
206,HILLSBORO BEACH,1.0,26.2939687,-80.0789318
207,HOBE SOUND,11.0,27.080492,-80.139918
208,HOLIDAY,2.0,28.187755,-82.7416081
209,HOLLY HILL,5.0,29.2435916,-81.0375555
210,HOLLYWOOD,1083.0,26.0112014,-80.1494901
212,HOMELAND,1.0,27.8178061,-81.8245267
213,HOMESTEAD,58.0,25.4718946,-80.4759905
214,HOMOSASSA,17.0,28.782535,-82.6065272
215,HOUSTON,1.0,30.2568926,-82.9026289
216,HOWEY IN THE HILLS,16.0,28.7169384,-81.7734106
217,HUDSON,16.0,28.3581405,-82.692005
218,HYPOLUXO,2.0,26.5665166,-80.0535271
219,IMMOKALEE,18.0,26.42016,-81.4222408
221,INDIALANTIC,6.0,28.0911921,-80.5679875
222,INDIAN HARBOR BEACH,1.0,28.1561668,-80.5917399
223,INDIANTOWN,1.0,27.0273407,-80.4820908
224,INGLIS,0.0,29.0302514,-82.6687161
225,INLET BEACH,3.0,30.2755101,-86.0117573
226,INVERNESS,31.0,28.8358176,-82.3303715
227,ISLAMORADA,7.0,24.9236561,-80.6291479
228,JACKSON,0.0,30.8013861,-85.2063186
230,JACKSONVILLE,9457.0,30.3321838,-81.655651
231,JACKSONVILLE BEACH,63.0,30.2946859,-81.3931396
232,JASPER,1.0,30.5182727,-82.94819
233,JAY,1.0,30.9526044,-87.1510047
234,JENSEN BEACH,5.0,27.2500487,-80.2304161
235,JONESVILLE,4.0,29.6544208,-82.5230336
236,JUNO BEACH,392.0,26.8815475,-80.0539253
237,JUPITER,446.0,26.9342246,-80.0942087
238,KENANSVILLE,1.0,27.8764138,-80.9878408
239,KENDALL,2.0,25.6792695,-80.3172743
240,KEY BISCAYNE,73.0,25.6968351,-80.1635261
241,KEY LARGO,10.0,25.109291,-80.424016
242,KEY WEST,23.0,24.5548262,-81.8020722
243,KEYSTONE HEIGHTS,0.0,29.7860769,-82.0314892
244,KISSIMMEE,242.0,28.2918995,-81.4075838
245,LADY LAKE,75.0,28.9174855,-81.9228604
247,LAKE ALFRED,136.0,28.091963,-81.7234114
248,LAKE BUENA VISTA,14.0,28.3716746,-81.5239625
249,LAKE BUTLER,2.0,30.0227391,-82.3395574
250,LAKE CITY,27.0,30.1894252,-82.6394803
251,LAKE HELEN,0.0,28.9808195,-81.2333937
252,LAKE MARY,1095.0,28.7562749,-81.322093
253,LAKE PANASOFFKEE,1.0,28.785203,-82.1325817
254,LAKE PARK,1.0,26.8002153,-80.0661631
255,LAKE SUZY,1.0,27.0381125,-82.0370322
256,LAKE WALES,54.0,27.9014133,-81.5859099
257,LAKE WORTH,118.0,26.615891,-80.0691435
258,LAKE WORTH BEACH,4.0,26.6159698,-80.0569927
259,LAKELAND,984.0,28.0394654,-81.9498042
261,LAKEWOOD RANCH,14.0,27.4091912,-82.3925244
263,LAND O LAKES,63.0,28.2188992,-82.4575938
264,LAND O' LAKES,1.0,28.2188992,-82.4575938
265,LAND O'LAKES,2.0,28.2188992,-82.4575938
267,LANTANA,3.0,26.5865308,-80.052166
269,LARGO,374.0,27.9094665,-82.7873244
270,LARGO FL,1.0,27.9037535,-82.7616379
272,LAUDERDALE,1.0,26.1223084,-80.1433786
273,LAUDERDALE BY THE SE,1.0,26.2065049,-80.0945135
274,LAUDERDALE LAKES,17.0,26.1667184,-80.2085565
276,LAUDERHILL,64.0,26.1403635,-80.2133808
277,LECANTO,8.0,28.8268794,-82.5001564
278,LEE,1.0,26.5999265,-81.8823135
279,LEESBURG,44.0,28.810823,-81.8778582
280,LEHIGH ACRES,15.0,26.6040585,-81.6581333
282,LIGHTHOUSE POINT,1.0,26.275636,-80.0872654
283,LITHIA,6.0,27.8662897,-82.2305513
284,LITTLE TORCH,1.0,24.6693097,-81.3909144
285,LITTLE TORCH KEY,1.0,24.6693097,-81.3909144
286,LIVE OAK,5.0,30.2961892,-82.9842885
288,LK WORTH BCH,1.0,26.6159698,-80.0569927
289,LONG KEY,1.0,26.3878218,-81.8671849
290,LONGBOAT KEY,7.0,27.4125417,-82.6589881
291,LONGWOOD,148.0,28.7007225,-81.349278
293,LOUGHMAN,3.0,28.2419575,-81.5667404
294,LOXAHATCHEE,14.0,26.6831222,-80.2593689
295,LOXAHATCHEE GROVES,1.0,26.6831222,-80.2593689
296,LUTZ,79.0,28.1300994,-82.4591842
297,LYNN HAVEN,2.0,30.2454776,-85.648261
298,LYNNHAVEN,1.0,30.1780053,-81.6403613
299,MADEIRA BEACH,2.0,27.7980814,-82.7973247
300,MADISON,1.0,30.4514352,-83.4524524
301,MAITLAND,934.0,28.6275253,-81.3656419
302,MALABAR,3.0,28.0022483,-80.568178
303,MANALAPAN,1.0,26.5692364,-80.0447635
304,MANGO,3.0,27.992482,-82.3083111
305,MARATHON,5.0,24.7137524,-81.0903512
306,MARCO ISLAND,15.0,25.9372513,-81.71573
307,MARGATE,37.0,26.2445263,-80.206436
308,MARIANNA,17.0,30.7743596,-85.2268735
309,MAYO,1.0,30.053001,-83.1748578
310,MC DAVID,1.0,30.8005982,-86.5693279
311,MCINTOSH,1.0,29.44886,-82.2220424
313,MEDLEY,130.0,25.8406526,-80.3264404
315,MELBORNE,0.0,30.114348,-81.7200085
316,MELBOURNE,602.0,28.0785034,-80.6077908
317,MELBOURNE BEACH,6.0,28.0684067,-80.5607951
318,MERRITT ISLAND,38.0,28.2662775,-80.6636984
320,MIAM,1.0,25.8027174,-80.201323
321,MIAMI,21522.0,25.7741566,-80.1935973
322,MIAMI  GARDENS,1.0,25.9420377,-80.2456045
323,MIAMI BEACH,1221.0,25.7929198,-80.1353006
324,MIAMI FL,2.0,25.774779,-80.193757
325,MIAMI GARDENS,282.0,25.9420377,-80.2456045
326,MIAMI LAKES,176.0,25.9087056,-80.3086619
327,MIAMI SHORES,79.0,25.8631515,-80.1928253
328,MIAMI SPRINGS,7.0,25.8223198,-80.289495
329,MIAMIA,1.0,25.7741566,-80.1935973
330,MICANOPY,2.0,29.5045307,-82.27959
331,MIDDLEBURG,13.0,30.0688512,-81.8603778
332,MIDWAY,4.0,30.4954759,-84.4543513
333,MILAM DAIRY,0.0,25.8015699,-80.3131318
334,MILTON,8.0,30.6324149,-87.0396881
335,MIMS,1.0,28.683293,-80.8457402
337,MINNEOLA,6.0,28.5756641,-81.7482915
338,MIRAMAR,357.0,25.9873137,-80.2322706
339,MIRAMAR BEACH,14.0,30.377985,-86.3616979
340,MIRAMAR PARKWAY,2.0,25.9789506,-80.3214866
342,MOLINO,1.0,30.7240791,-87.3141422
343,MONTICELLO,2.0,30.5452022,-83.8701636
344,MONTVERDE,5.0,28.6002769,-81.673964
345,MORRISTON,3.0,29.281638,-82.4378804
346,MOUNT DORA,180.0,28.8004955,-81.6446961
347,MT DORA,5.0,28.8004955,-81.6446961
348,MULBERRY,8.0,27.8953038,-81.9734172
349,MYAKKA CITY,2.0,27.3497671,-82.161478
350,N FORT MYERS,2.0,26.7107375,-81.8130065
351,N MIAMI,2.0,25.8900949,-80.1867138
352,N MIAMI BEACH,10.0,25.9331488,-80.1625463
353,N PALM BEACH,3.0,26.8237944,-80.0559266
355,NAPLES,559.0,26.1421976,-81.7942944
356,NAVARRE,2.0,30.4019789,-86.8700821
357,NEPTUNE BEACH,7.0,30.311908,-81.3964734
358,NEW PORT RICHEY,125.0,28.2441768,-82.7192671
360,NEW SMYRNA BEACH,10.0,29.0258132,-80.9271271
361,NEWBERRY,24.0,29.6463535,-82.6065023
363,NICEVILLE,4.0,30.5168639,-86.482172
364,NOKOMIS,8.0,27.1192213,-82.4442629
365,NORCROSS,0.0,28.5091849,-81.2282273
366,NORTH BAY VILLAGE,7.0,25.8462075,-80.1539351
367,NORTH FORT MYERS,21.0,26.7107375,-81.8130065
368,NORTH LAUDERDALE,2.0,26.217305,-80.2258811
369,NORTH MIAMI,116.0,25.8900949,-80.1867138
370,NORTH MIAMI BEACH,173.0,25.9331488,-80.1625463
371,NORTH PALM BEACH,348.0,26.8237944,-80.0559266
372,NORTH PORT,14.0,27.044224,-82.2359254
373,NORTH REDINGTON,9.0,27.8161361,-82.8206587
374,NORTH VENICE,3.0,26.6347393,-81.695567
375,OAK HILL,1.0,28.8644338,-80.8544975
376,OAKLAND,1.0,28.5551901,-81.6280337
377,OAKLAND PARK,24.0,26.1723065,-80.1319893
378,OCALA,260.0,29.1871986,-82.1400923
379,OCEAN BEACH,1.0,25.8608333,-80.1191667
380,OCEAN RIDGE,1.0,26.5270157,-80.0483747
381,OCOEE,30.0,28.5694468,-81.5441944
382,ODESSA,102.0,28.183222,-82.5540279
384,OKEECHOBEE,27.0,27.3923408,-80.8873655
386,OLDSMAR,151.0,28.0341847,-82.6650992
387,ONE FINANCIAL PLAZA FORT LAUDERDALE,1.0,26.1216758,-80.1397727
388,OPA LOCKA,98.0,25.9023168,-80.2503271
389,OPA-LOCKA,2.0,25.9023168,-80.2503271
390,ORANGE CITY,30.0,28.9488761,-81.2986741
391,ORANGE PARK,26.0,30.1654707,-81.7016346
392,ORCHID,1.0,27.77216,-80.4078117
393,ORLANDO,9249.0,28.5421218,-81.379045
394,ORMOND BEACH,72.0,29.2854132,-81.0557921
395,OSCALA,1.0,27.5447544,-80.3941303
396,OSPREY,4.0,27.1903895,-82.479232
397,OVIEDO,101.0,28.6702526,-81.2084941
398,OXFORD,2.0,28.9275357,-82.0373326
399,PAHOKEE,2.0,26.8200607,-80.6653351
400,PALATKA,31.0,29.6487882,-81.6372111
401,PALM BAY,106.0,27.9946969,-80.6366144
402,PALM BCH GDNS,7.0,26.8233946,-80.1386547
403,PALM BEACH,104.0,26.6279798,-80.4494174
404,PALM BEACH GARDENS,496.0,26.8233946,-80.1386547
405,PALM CITY,54.0,27.1713925,-80.2842217
406,PALM COAST,43.0,29.5541432,-81.2207673
407,PALM HARBOR,86.0,28.0856815,-82.756907
408,PALM SPRING,0.0,28.6911193,-81.3928415
409,PALM SPRINGS,28.0,26.6359009,-80.0961538
410,PALMETTO,37.0,27.5214269,-82.5723193
411,PALMETTO BAY,30.0,25.6217715,-80.3247748
412,PANAMA CITY,63.0,30.1586518,-85.6602936
413,PANAMA CITY BEACH,18.0,30.1765914,-85.805386
414,PARK LAND,1.0,28.9764931,-81.3597871
415,PARKLAND,24.0,26.3100794,-80.23727
416,PARRISH,13.0,27.5875357,-82.4250941
418,PEMBROKE,0.0,27.7864182,-81.8050823
419,PEMBROKE PARK,11.0,25.9878691,-80.1747687
420,PEMBROKE PINES,390.0,26.0061943,-80.2872086
422,PEMBROOKE PINES,1.0,27.7444416,-82.3488521
423,PENSACOLA,303.0,30.421309,-87.2169149
424,PERRY,11.0,30.1174351,-83.5818147
425,PETERSBURG,1.0,27.7712264,-82.6340259
426,PINECREST,5.0,25.6670476,-80.3081074
427,PINELLAS PARK,47.0,27.8428025,-82.6995444
428,PLACIDA,1.0,26.8322884,-82.2648163
430,PLANT CITY,30.0,28.01633,-82.1234803
432,PLANTANTION,0.0,26.0959388,-81.6951989
433,PLANTATION,1423.0,26.1275862,-80.2331036
434,POLK CITY,2.0,28.1825147,-81.8239676
435,POMPANO,1.0,28.0450258,-82.6998303
436,POMPANO BEACH,766.0,26.2378597,-80.1247667
437,PONCE INLET,1.0,29.0963729,-80.9369983
438,PONTE VEDRA,8.0,30.2274645,-81.3800824
439,PONTE VEDRA BEACH,51.0,30.2274645,-81.3800824
440,PORT CANAVERAL,1.0,28.416056,-80.6078268
441,PORT CHARLOTTE,79.0,26.9761707,-82.0906448
442,PORT EVERGLADES,4.0,26.0968524,-80.1272606
443,PORT ORANGE,28.0,29.1386874,-80.9968286
444,PORT RICHEY,18.0,28.2716755,-82.7195451
445,PORT SAINT LUCIE,66.0,27.2939333,-80.3503283
446,PORT ST LUCIE,49.0,27.2939333,-80.3503283
447,PT CHARLOTTE,5.0,26.9761707,-82.0906448
448,PUNTA GORDA,34.0,26.9351529,-82.0512058
449,QUINCY,26.0,30.5889265,-84.5762388
450,RAMROD KEY,1.0,24.6557155,-81.4136771
451,REDDICK,15.0,29.3666393,-82.1973184
452,RESTON,1.0,30.5921837,-84.4461311
453,RIVERVIEW,51.0,27.831977,-82.2974043
454,RIVIERA BEACH,92.0,26.784343,-80.0650293
455,ROCKLEDGE,176.0,28.330831,-80.7349162
456,ROSEMARY BEACH,7.0,30.2802919,-86.015565
457,ROTONDA WEST,1.0,26.879439,-82.2806848
458,ROYAL PALM BEACH,13.0,26.7050822,-80.2279519
460,RUSKIN,6.0,27.7206448,-82.4340374
461,S MIAMI,1.0,25.7076017,-80.2933846
462,S PASADENA,1.0,27.7550276,-82.7376009
463,SAFETY HARBOR,8.0,27.9908529,-82.6931553
464,SAINT AUGUSTINE,63.0,29.8946952,-81.3145395
465,SAINT CLOUD,12.0,28.2498534,-81.2839038
466,SAINT JOHNS,18.0,29.9032284,-81.4145468
467,SAINT LEO,19.0,28.3366538,-82.2593574
468,SAINT PETERSBURG,2007.0,27.7712264,-82.6340259
469,SAN ANTONIO,1.0,28.3361142,-82.2745308
470,SAN FRANCISCO,1.0,28.4782488,-81.4696383
471,SANDFORD,1.0,28.0716289,-81.9039263
472,SANFORD,425.0,28.8117345,-81.2680223
473,SANIBEL,5.0,26.4489695,-82.0223137
474,SANTA ROSA,1.0,30.6964502,-87.0097524
475,SANTA ROSA BEACH,10.0,30.3466423,-86.2307992
478,SARASOTA,869.0,27.3365805,-82.5308545
479,SATELLITE BEACH,23.0,28.1760051,-80.5904623
480,SEA RANCH LAKES,1.0,26.2008949,-80.0981785
481,SEBASTIAN,21.0,27.817357,-80.4694039
482,SEBRING,76.0,27.4957453,-81.4410425
484,SEFFNER,16.0,27.9836329,-82.2756468
485,SEMINOLE,121.0,28.7225829,-81.2353683
486,SHALIMAR,1.0,30.4457544,-86.5791189
487,SINGER ISLAND,1.0,26.7850625,-80.0375408
488,SORRENTO,2.0,28.8074809,-81.5599132
489,SOUTH DAYTONA,5.0,29.1658158,-81.0044995
490,SOUTH MIAMI,19.0,25.7076017,-80.2933846
491,SOUTH PASADENA,2.0,27.7550276,-82.7376009
492,SOUTHWEST RANCHES,7.0,26.0586543,-80.3381531
493,SPRING HILL,41.0,28.483576,-82.5338633
494,SPRINGHILL,1.0,30.3353855,-84.3892704
495,ST AUGUSTINE,37.0,29.8946952,-81.3145395
496,ST CLOUD,7.0,28.2498534,-81.2839038
497,ST JAMES,1.0,28.120706,-82.5737685
498,ST LEO,4.0,28.3366538,-82.2593574
499,ST PETE,2.0,27.7253065,-82.741212
500,ST PETE BEACH,2.0,27.7253065,-82.741212
502,ST PETERSBURG,854.0,27.7712264,-82.6340259
503,ST. AUGUSTINE,0.0,29.8946952,-81.3145395
504,ST. PETERSBURG,23.0,27.7712264,-82.6340259
506,STANFORD,1.0,28.8194924,-82.3086344
507,STARKE,6.0,29.9443549,-82.1101114
508,STUART,117.0,27.197983,-80.2519175
509,SUMMERFIELD,3.0,29.0085924,-82.0348092
510,SUMTERVILLE,2.0,28.7449901,-82.063418
511,SUN CITY CENTER,3.0,27.7068101,-82.3623231
512,SUN RISE,1.0,28.0828055,-81.6606658
514,SUNNY ISLES,5.0,25.9426915,-80.1218486
515,SUNNY ISLES BEACH,27.0,25.9426915,-80.1218486
516,SUNRISE,2332.0,26.1666888,-80.2787573
518,SURFSIDE,13.0,25.8784285,-80.1256007
519,SUWANEE,1.0,27.9979001,-82.4614975
520,TALLAHASSE,1.0,30.3029535,-84.2472786
521,TALLAHASSEE,2634.0,30.4380832,-84.2809332
522,TAMARAC,151.0,26.2128609,-80.2497707
525,TAMPA,44888.0,27.9449854,-82.4583107
526,TAMPA TERRACE,4.0,28.5466962,-81.4070756
528,TARPON SPRINGS,15.0,28.1470965,-82.756367
529,TAVARES,38.0,28.8021812,-81.731332
530,TAVERNIER,2.0,25.0227795,-80.4953503
532,TEMPLE TER,1.0,28.0352964,-82.3892596
533,TEMPLE TERR,30.0,28.0352964,-82.3892596
534,TEMPLE TERRACE,361.0,28.0352964,-82.3892596
535,TEQUESTA,3.0,26.9609367,-80.089205
536,THE VILLAGES,61.0,28.8759024,-81.984579
537,THONOTOSASSA,10.0,28.058051,-82.2946444
538,TITUSVILLE,79.0,28.6126236,-80.8079545
539,TOWN N COUNTRY,1.0,27.9967275,-82.5819322
540,TREASURE ISLAND,0.0,27.7691937,-82.7689906
541,TRENTON,9.0,29.6132942,-82.8176203
542,TRINITY,6.0,28.185725,-82.661141
543,UNIVERSITY PARK,2.0,25.7467273,-80.3681469
544,UNIVERSITY PK,1.0,25.7467273,-80.3681469
545,VALRICO,6.0,27.9378338,-82.2327525
546,VENICE,32.0,27.0998315,-82.4442832
547,VENUS,9.0,27.0672755,-81.3567397
548,VERO BEACH,113.0,27.6387163,-80.3975399
550,VIRGINIA GARDENS,3.0,25.8103758,-80.3022732
551,VIRGINIA GDNS,1.0,25.8103758,-80.3022732
553,W MELBOURNE,4.0,28.0736261,-80.6718389
554,WAUCHULA,51.0,27.5472589,-81.8114715
555,WEEKI WACHEE,6.0,28.5156479,-82.5735662
556,WEIRSDALE,29.0,28.9819277,-81.9242498
557,WELLINGTON,328.0,26.6549551,-80.2375279
559,WESLEY CHAPEL,434.0,28.1866014,-82.366121
560,WEST MELBOURNE,11.0,28.0736261,-80.6718389
561,WEST PALM BCH,51.0,26.715364,-80.0532942
562,WEST PALM BEACH,1346.0,26.715364,-80.0532942
564,WEST PARK,4.0,25.984536,-80.1989362
567,WESTON,534.0,26.1003392,-80.399513
569,WESTVILLE,1.0,30.7746326,-85.8516005
570,WEWAHITCHKA,1.0,30.1127004,-85.2004716
571,WHITE SPRINGS,1.0,30.329837,-82.7589877
572,WILDLIGHT,2.0,28.8941423,-82.0527268
573,WILDWOOD,4.0,28.865286,-82.0394286
574,WILLISTON,6.0,29.3880028,-82.4481694
575,WILTON MANORS,7.0,26.1603626,-80.138934
576,WIMAUMA,5.0,27.7134925,-82.3156052
577,WINDERMERE,75.0,28.4944695,-81.5345547
578,WINTER GARDEN,56.0,28.5656649,-81.5856742
579,WINTER HAVEN,110.0,28.0222435,-81.7328568
581,WINTER PARK,540.0,28.5977707,-81.3510264
582,WINTER PARK ORLANDO,1.0,28.5805331,-81.3125711
584,WINTER SPRINGS,112.0,28.6987317,-81.3055188
585,WINTERHAVEN,1.0,29.1043273,-80.9413695
586,YOUNGSTOWN,1.0,30.3643628,-85.4382568
587,YULEE,8.0,30.627848,-81.5902278
588,ZEPHYRHILLS,29.0,28.2336196,-82.1811947
